3rd party;3rd party
B461;Ghent
C311;Brockville (C311)
C521;Brockville (C521)
C601;TJ Toll LubProd
C604;Tianjin SINO
D133;Grasbrook
D236;Rhenus
E302;Tarragona
F254;Nanterre
F477;Gretz
H122;Tsing Yi
H168;TJ Toll LubProd
I250;Cisliano
KR01;Korea
M367;Port Klang
R037;Torzhok
R051;GlobLubs Mats&Serv
R068;Sudomech (SPB)
R098;Rostov Chajka DFOA
R146;VP BMW DFOA
R151;Arbitr DFOA
R152;Novosib SITN DFOA
R154;Paritet Sibir DFOA
R155;Nabereznyecely Ind DFOA
R159;Ekaterinburg Inkor DFOA
R172;Angarsk Kapitan DFOA
R175;Major Terminal (SPB)
R181;Kompaniya Atlas DFOA
R187;Antek Samara DFOA
R188;Aktiv Oil DFOA
R190;Maslodom DFOA
R191;Premium Oil DFOA
R196;Disain Grupp DFOA
R211;CRB (Balashiha)
R215;SITM DFOA
T026;Thailand
T037;RDC CEVA LubDepot NoExc
T124;Derince
T804;RDC CEVA LubDepot
U001;Congo
U002;HLP
U003;LALP
U049;Mc Kees Rocks Gordon
U050;Highlands ZXP
U859;Jacbson 3P
Z042;Bern
